,Gain_importance
FiO2_hrs_since,0.07213284
ICULOS,0.06967568
sirs_count,0.051473133
labs_measured_cum,0.031525202
HR_mean6,0.02604857
shock_index,0.022636494
Temp,0.022179503
Lactate_hrs_since,0.02212908
PaCO2_hrs_since,0.0169881
Alkalinephos,0.016460208
Unit1,0.015234287
Temp_max6,0.015024265
BUN,0.014727041
HospAdmTime,0.012899608
EtCO2_hrs_since,0.012542026
pH_hrs_since,0.011036487
Temp_max_so_far,0.010910067
AST_hrs_since,0.01043307
HR_max6,0.010148516
SBP_std6,0.010098319
SBP_min6,0.0100024305
Potassium_hrs_since,0.009835116
Creatinine,0.009615848
Bilirubin_total,0.009391896
HCO3,0.009388726
DBP_hrs_since,0.008462086
Temp_mean6,0.008406315
O2Sat_min_so_far,0.008296077
Calcium_hrs_since,0.008088788
PTT_hrs_since,0.008018919
FiO2,0.007831145
DBP_mean6,0.007709008
WBC,0.007562918
SBP_min_so_far,0.0075399256
DBP_min6,0.0074809804
AST,0.0073117074
DBP,0.0072157932
Chloride_hrs_since,0.0071318876
MAP_min_so_far,0.0070922608
Calcium,0.0069716256
TroponinI,0.0069606234
Phosphate_hrs_since,0.0068457657
MAP_min6,0.006816727
HCO3_hrs_since,0.006712783
Fibrinogen,0.006688817
Temp_chg3,0.006646817
DBP_std6,0.0066249873
HR_max_so_far,0.00661012
Platelets,0.006548979
WBC_hrs_since,0.006546924
O2Sat_min6,0.0064073284
SBP_hrs_since,0.0063823275
Temp_std6,0.0063669956
SaO2_hrs_since,0.0063138274
Resp_mean6,0.0062966184
PTT,0.0061475583
O2Sat_std6,0.0061300457
HR,0.0060309307
Chloride,0.005917991
pH,0.005772971
Glucose_hrs_since,0.0056732157
SBP_max6,0.005641423
Resp_max_so_far,0.0056222454
Hgb,0.0056086415
Hct,0.0055844383
O2Sat_max6,0.005536254
Bilirubin_direct,0.005505359
PaCO2,0.0054759323
Lactate,0.005473665
bun_creat_ratio,0.0054309973
BaseExcess,0.0054149167
SaO2,0.0054123728
Fibrinogen_hrs_since,0.0054008565
Resp_hrs_since,0.005316807
Age,0.0052951276
Temp_hrs_since,0.00529383
TroponinI_hrs_since,0.005291243
SBP_chg3,0.0052455794
labs_measured_now,0.0052299188
Phosphate,0.005088544
Magnesium,0.0050310125
MAP_chg3,0.004988235
Glucose,0.0048869
EtCO2,0.004736998
O2Sat_mean6,0.00469689
Resp_max6,0.0046903165
DBP_max6,0.0046852506
pulse_pressure,0.0046612695
MAP_std6,0.004647581
BUN_hrs_since,0.0045964355
Gender,0.00448214
HR_std6,0.0044707065
Temp_min6,0.0044476767
O2Sat_hrs_since,0.004364381
Bilirubin_direct_hrs_since,0.0042988625
MAP_max6,0.0042583374
MAP_hrs_since,0.0041935747
Potassium,0.00409565
MAP_mean6,0.003994845
Resp_min6,0.003888718
Hgb_hrs_since,0.0037826453
BaseExcess_hrs_since,0.0037576857
HR_min6,0.003740291
SBP_mean6,0.003618242
Resp_std6,0.0034923009
SBP,0.0033890612
Magnesium_hrs_since,0.0032422072
Resp,0.002952953
O2Sat,0.0024986006
HR_chg3,0.0024635885
Hct_hrs_since,0.0019801755
MAP,0.0
HR_hrs_since,0.0
O2Sat_chg3,0.0
DBP_chg3,0.0
qsofa_partial,0.0
Resp_chg3,0.0
map_below_65,0.0
lactate_above_2,0.0
