ICULOS,Resp,HR,MAP,SepsisLabel
23.0,24.0,100.0,68.33,0
41.0,20.0,80.0,71.67,0
44.0,14.0,82.0,63.0,0
13.0,15.0,66.0,66.0,0
9.0,28.0,75.0,78.33,1
31.0,21.0,66.0,69.0,0
33.0,22.0,87.0,61.0,0
15.0,16.0,111.0,66.67,0
35.0,24.0,77.0,88.0,0
41.0,13.0,70.0,76.0,1
24.0,22.0,84.0,60.0,0
25.0,25.0,94.0,94.0,1
43.0,18.0,87.0,65.0,0
38.0,15.0,73.0,70.0,0
3.0,16.0,82.0,95.0,0
38.0,14.0,88.0,79.33,0
17.0,16.0,54.0,86.0,1
22.0,13.0,84.0,72.33,0
15.0,16.0,79.0,89.67,0
31.0,21.0,92.0,85.0,1
11.0,15.0,72.0,72.0,0
17.0,20.0,81.0,93.0,1
48.0,21.0,114.0,93.0,1
29.0,24.0,109.0,83.33,0
53.0,10.0,95.0,92.0,1
21.0,10.0,101.0,63.33,1
6.0,18.0,65.0,57.0,1
5.0,11.0,96.0,75.0,0
41.0,13.0,76.0,73.33,0
12.0,13.0,79.0,73.0,0
23.0,19.0,87.0,79.0,1
2.0,15.5,70.0,87.5,1
28.0,18.0,84.0,64.0,0
1.0,18.0,83.0,82.0,1
47.0,21.0,114.0,71.0,1
41.0,20.0,95.0,98.0,1
40.0,20.0,72.0,68.0,0
6.0,16.0,82.0,83.0,0
40.0,13.0,80.0,76.33,0
8.0,23.0,88.0,72.0,1
5.0,14.0,94.5,74.5,1
1.0,18.0,83.0,82.0,1
24.0,12.0,90.0,94.0,1
39.0,16.0,74.0,70.0,0
11.0,14.0,78.0,85.0,1
14.0,18.0,45.0,79.0,1
12.0,31.0,81.0,83.67,0
8.0,20.0,67.0,76.0,0
13.0,17.0,95.0,72.0,1
13.0,24.0,76.0,85.0,0
32.0,15.0,86.0,80.0,0
18.0,20.0,85.0,79.0,0
47.0,18.0,103.0,67.0,1
40.0,10.0,73.0,86.0,0
11.0,21.0,88.0,78.0,1
18.0,16.0,87.0,83.0,1
24.0,17.0,78.0,59.0,0
12.0,17.0,69.0,90.0,1
7.0,16.0,98.0,68.33,1
33.0,20.0,83.0,72.0,0
8.0,15.0,79.0,80.0,1
42.0,16.0,73.0,77.0,1
4.0,16.0,81.0,69.0,0
52.0,15.5,99.0,77.0,1
11.0,20.0,69.0,74.0,0
45.0,20.0,84.0,102.33,0
15.0,16.0,64.0,63.0,0
5.0,20.0,108.0,69.0,0
19.0,32.0,75.0,90.0,1
5.0,11.5,84.5,68.5,0
12.0,15.0,67.0,67.0,1
36.0,26.5,113.0,76.5,1
12.0,17.0,78.0,82.0,0
45.0,15.0,88.0,65.67,0
4.0,18.0,80.0,82.0,1
1.0,18.0,83.0,82.0,1
5.0,17.0,69.0,85.33,0
27.0,17.0,96.0,72.0,1
11.0,16.5,71.0,81.0,0
19.0,17.0,93.0,103.0,1
32.0,21.0,72.0,65.67,0
15.0,21.0,102.0,90.0,1
12.0,16.0,51.0,63.0,1
16.0,21.0,83.0,76.0,1
30.0,18.0,77.0,80.0,1
10.0,13.0,74.0,72.0,0
17.0,18.0,118.0,83.0,0
18.0,16.0,81.0,66.0,0
7.0,14.0,64.0,73.33,0
4.0,14.0,75.0,79.0,1
6.0,12.0,60.0,56.0,1
25.0,19.0,87.0,97.0,1
24.0,24.0,104.0,88.33,0
4.0,15.0,100.0,51.0,1
41.0,21.0,76.0,65.0,0
10.0,24.0,101.0,82.0,1
18.0,16.0,77.0,76.67,0
37.0,16.0,60.0,90.0,1
12.0,22.0,89.5,84.5,1
2.0,28.0,77.0,106.0,0
20.0,17.0,73.0,76.67,0
28.0,19.0,107.0,78.0,1
1.0,18.0,83.0,82.0,0
42.0,15.0,106.0,72.33,1
42.0,19.0,88.0,65.0,0
51.0,18.5,99.5,66.5,0
16.0,14.0,72.0,78.0,0
24.0,19.0,85.0,63.0,0
11.0,20.0,90.0,101.0,1
5.0,33.0,83.0,72.0,0
30.0,22.0,105.0,98.33,0
36.0,25.0,92.0,82.0,0
4.0,10.0,93.0,65.0,0
29.0,21.5,82.5,62.5,0
35.0,24.0,76.0,101.0,1
6.0,16.0,114.0,77.0,1
27.0,14.5,108.5,92.0,1
43.0,18.0,78.0,69.0,0
36.0,27.0,105.0,98.33,0
6.0,14.0,79.0,90.0,1
31.0,12.0,82.0,64.33,0
23.0,29.0,81.0,89.0,1
17.0,14.0,84.0,63.0,0
46.0,18.0,103.0,67.0,1
23.0,10.0,112.0,53.67,1
21.0,18.0,74.0,72.0,0
45.0,14.0,64.0,86.0,0
19.0,13.0,90.0,79.0,1
6.0,14.0,112.0,70.0,0
13.0,24.0,74.0,87.0,0
6.0,20.0,88.0,80.0,0
25.0,27.0,88.0,125.0,0
2.0,18.0,66.0,78.0,1
14.0,23.0,104.0,97.0,0
31.0,15.0,98.0,80.33,0
4.0,16.0,107.5,86.5,1
25.0,18.0,79.0,81.0,1
1.0,18.0,83.0,82.0,1
13.0,16.0,88.0,82.0,1
21.0,15.0,79.0,90.0,1
32.0,16.0,91.0,74.0,1
33.0,24.0,100.0,81.33,1
25.0,14.0,86.0,70.33,0
18.0,18.0,51.0,86.0,1
32.0,11.0,79.0,70.0,0
2.0,27.0,80.0,67.0,0
23.0,22.0,84.0,64.0,0
30.0,13.0,112.0,65.0,1
35.0,23.0,89.0,69.0,0
33.0,18.0,82.0,96.0,1
50.0,17.0,111.0,72.0,0
1.0,18.0,83.0,82.0,1
42.0,15.0,74.0,72.0,0
3.0,24.0,119.0,72.5,1
6.0,18.0,84.0,80.0,0
5.0,27.0,111.0,103.0,1
21.0,16.0,99.0,108.0,1
1.0,18.0,83.0,82.0,0
9.0,21.0,88.0,73.0,1
23.0,13.0,88.0,68.67,0
17.0,15.0,92.0,87.0,0
21.0,18.0,79.0,74.67,0
2.0,19.0,64.0,82.0,0
3.0,18.0,64.0,71.33,0
4.0,15.0,104.0,77.67,0
21.0,16.0,67.0,79.0,0
10.0,16.0,78.0,82.0,1
42.0,23.0,76.0,72.0,0
26.0,11.0,96.0,89.0,1
22.0,13.0,99.0,89.0,1
38.0,18.0,99.0,78.0,1
22.0,28.0,114.0,90.0,1
15.0,22.0,83.0,76.0,1
8.0,11.0,97.0,68.0,0
29.0,29.0,108.0,77.0,1
40.0,23.0,103.0,81.0,1
40.0,18.0,104.0,69.67,1
45.0,14.0,99.0,64.0,1
15.0,23.0,76.0,73.0,0
30.0,21.0,68.0,72.67,0
37.0,23.0,99.0,90.0,1
23.0,18.0,69.0,66.0,0
1.0,18.0,83.0,82.0,1
28.0,28.0,106.0,104.33,0
21.0,25.0,88.0,105.0,0
42.0,13.0,78.0,83.0,1
32.0,15.0,98.0,84.0,1
42.0,19.0,110.0,78.0,1
7.0,14.0,85.0,82.0,0
3.0,14.0,72.0,76.67,0
13.0,14.0,81.0,75.0,0
5.0,20.0,78.0,83.0,0
9.0,13.0,68.0,76.0,0
42.0,20.0,82.0,81.0,1
56.0,20.0,90.0,95.0,1
6.0,16.0,71.0,72.67,1
9.0,16.0,100.0,71.0,1
51.0,24.5,104.0,85.0,1
20.0,12.0,66.0,56.0,0
27.0,24.0,75.0,102.0,1
17.0,16.0,87.0,83.0,1
37.0,34.0,107.0,88.33,0
48.0,21.0,89.0,81.33,0
19.0,16.0,73.0,57.0,0
12.0,19.0,60.0,89.0,0
18.0,19.0,104.0,92.0,0
8.0,22.0,105.5,84.5,1
6.0,24.0,83.0,93.0,0
38.0,25.0,91.0,81.0,1
37.0,22.0,96.0,76.0,0
14.0,19.0,100.0,73.0,1
4.0,17.0,66.0,84.0,1
13.0,34.0,80.0,84.33,0
3.0,21.0,73.0,107.0,0
8.0,19.5,67.5,79.5,0
8.0,16.0,98.0,59.0,1
17.0,16.0,65.0,58.0,0
35.0,24.0,100.0,81.33,1
46.0,17.0,104.0,71.67,0
12.0,17.0,83.0,66.0,0
17.0,16.0,98.0,84.0,1
38.0,10.0,82.0,64.0,0
40.0,14.0,68.0,68.0,0
37.0,16.0,94.0,91.0,1
35.0,18.0,99.0,74.33,0
4.0,20.0,80.0,84.33,1
6.0,14.0,86.0,100.0,0
27.0,21.0,118.0,94.0,1
43.0,14.0,74.0,73.67,0
38.0,34.0,107.0,88.33,0
21.0,17.0,89.0,72.0,1
13.0,13.0,95.0,94.0,0
24.0,32.0,111.5,70.0,1
37.0,16.0,76.0,71.0,0
21.0,12.0,83.0,86.0,1
19.0,12.0,82.0,72.0,1
17.0,9.0,94.0,79.67,1
28.0,20.0,81.0,65.0,0
35.0,20.0,103.0,89.67,1
10.0,14.0,96.0,60.0,1
5.0,19.0,78.0,90.67,1
47.0,20.0,84.0,109.0,1
16.0,16.0,107.0,73.33,0
12.0,29.0,75.0,71.0,0
18.0,14.0,100.0,84.0,1
14.0,18.0,72.0,71.0,1
4.0,17.0,114.0,75.0,1
26.0,23.0,67.5,91.5,1
33.0,19.0,72.0,97.0,1
23.0,20.0,72.0,82.0,1
31.0,25.0,71.0,91.0,1
10.0,13.5,101.0,79.0,0
43.0,24.0,71.0,68.33,0
33.0,12.0,79.0,63.67,0
22.0,26.0,28.0,48.0,1
35.0,20.0,80.0,96.0,1
21.0,14.0,102.0,65.0,0
4.0,22.0,85.0,81.0,0
10.0,34.0,82.0,82.67,0
7.0,16.0,73.0,85.33,1
35.0,16.0,87.0,55.67,0
8.0,28.0,106.0,104.0,1
2.0,16.0,78.0,68.0,1
3.0,24.0,80.0,91.0,1
34.0,18.0,110.0,89.0,1
7.0,15.0,93.0,72.0,0
11.0,23.0,73.0,82.0,0
4.0,13.0,67.0,74.0,1
38.0,19.0,84.0,57.0,0
5.0,13.5,72.0,57.0,1
33.0,34.0,115.5,91.0,1
23.0,19.0,73.0,75.0,1
39.0,14.0,82.0,81.33,0
36.0,16.0,115.0,86.67,1
25.0,32.0,105.0,89.33,0
11.0,22.0,78.0,88.0,1
39.0,20.0,92.5,78.0,1
10.0,20.0,72.0,86.5,0
30.0,19.0,73.0,96.0,1
37.0,23.0,79.0,81.67,0
9.0,18.0,69.0,70.0,0
10.0,29.0,72.0,69.0,0
25.0,8.0,110.0,72.67,1
2.0,17.0,77.0,82.0,1
54.0,20.0,87.0,62.0,1
21.0,16.0,77.0,64.67,0
36.0,15.0,99.0,82.0,1
23.0,13.0,91.0,89.0,1
13.0,14.0,94.0,55.0,1
15.0,18.0,81.0,79.0,0
11.0,16.0,82.0,65.0,0
9.0,26.5,71.0,66.5,0
3.0,16.0,104.0,79.0,0
7.0,34.0,105.0,92.0,1
39.0,17.0,97.0,78.0,1
11.0,29.0,117.0,89.0,1
23.0,34.0,86.0,101.33,0
2.0,23.5,132.5,99.0,1
9.0,16.0,72.0,84.0,1
18.0,16.0,72.0,77.0,1
3.0,16.0,81.0,69.0,0
14.0,17.0,94.0,68.0,1
25.0,29.0,113.5,71.0,1
20.0,20.0,74.0,88.0,1
32.0,21.0,94.0,80.33,0
14.0,15.0,80.0,78.0,0
11.0,8.0,93.0,82.0,1
38.0,17.0,76.0,83.0,0
22.0,34.0,86.0,101.33,0
29.0,17.0,91.0,60.0,0
16.0,14.0,90.0,83.0,0
32.0,28.0,100.0,94.67,0
43.0,16.0,68.0,78.0,0
11.0,19.0,81.0,62.67,0
22.0,8.0,85.0,86.0,1
27.0,26.0,90.0,100.0,1
14.0,12.0,95.0,55.0,1
29.0,17.0,88.0,71.0,1
32.0,15.0,86.0,63.33,0
55.0,20.0,84.0,91.0,1
28.0,22.0,76.0,94.0,1
11.0,13.0,64.0,79.0,1
14.0,18.5,92.5,95.0,1
35.0,23.0,87.0,67.0,0
31.0,21.0,94.0,80.33,0
8.0,16.0,106.0,59.67,0
19.0,18.0,88.0,76.0,1
28.0,26.0,109.0,85.0,1
15.0,14.0,79.0,59.33,0
38.0,13.0,70.0,76.0,1
7.0,16.0,78.0,69.0,0
23.0,13.0,92.0,89.0,1
26.0,16.0,78.0,69.0,0
36.0,21.0,85.0,56.0,0
2.0,17.0,84.0,91.83,1
28.0,14.0,90.0,94.0,1
10.0,17.0,82.0,62.67,0
9.0,11.0,75.0,72.0,0
11.0,13.0,92.0,67.33,0
34.0,30.0,104.0,106.33,0
20.0,27.5,114.5,82.0,1
2.0,27.0,96.5,61.5,1
15.0,20.0,85.0,105.0,1
30.0,17.0,61.0,72.0,1
18.0,25.0,91.0,56.0,1
18.0,19.0,76.0,74.33,1
14.0,14.0,71.0,67.0,0
42.0,13.0,72.0,76.67,0
39.0,22.0,64.0,86.0,1
4.0,15.0,80.0,93.0,0
24.0,18.0,98.0,92.0,1
11.0,13.0,60.0,63.0,1
34.0,12.0,84.0,71.33,0
18.0,15.0,71.0,66.0,1
3.0,10.0,85.0,85.0,1
36.0,13.0,68.0,69.0,1
12.0,18.0,88.0,85.0,1
22.0,25.0,77.0,88.0,1
38.0,20.0,80.0,96.0,1
7.0,15.0,64.0,72.0,1
21.0,26.0,73.0,85.0,1
42.0,15.0,82.0,77.0,0
40.0,13.0,70.0,76.0,1
24.0,21.0,91.0,96.0,1
7.0,22.0,98.0,71.0,1
16.0,12.0,70.0,77.0,1
27.0,20.0,80.0,109.67,0
36.0,20.0,96.5,69.17,1
12.0,13.0,59.0,60.0,1
28.0,28.0,85.0,115.0,0
12.0,20.0,91.0,94.0,1
9.0,19.0,83.0,59.0,0
3.0,23.0,70.0,104.0,1
16.0,20.0,81.0,93.0,1
8.0,18.0,73.0,91.33,1
49.0,18.0,82.0,64.67,0
21.0,30.0,110.0,86.0,1
22.0,24.0,87.0,91.0,1
49.0,14.0,99.0,72.33,0
26.0,28.0,89.0,63.0,0
24.0,13.0,106.0,65.67,1
8.0,18.0,75.0,85.0,1
5.0,12.0,76.0,65.0,0
20.0,14.0,97.0,51.0,1
6.0,12.0,101.0,60.67,1
11.0,31.0,86.0,71.0,0
2.0,28.0,104.0,73.33,0
37.0,13.0,68.0,69.0,1
9.0,11.0,95.0,73.0,0
28.0,21.0,99.0,92.0,0
28.0,20.0,99.5,96.0,1
29.0,19.0,110.0,75.0,1
49.0,19.0,85.0,78.67,0
13.0,14.0,67.0,64.0,1
10.0,14.0,70.0,76.0,0
5.0,18.0,87.0,69.0,1
3.0,17.0,73.0,75.0,1
16.0,15.0,88.0,82.0,1
11.0,14.0,64.0,65.67,0
16.0,17.0,120.0,83.0,0
12.0,12.0,81.0,67.0,1
10.0,29.0,121.0,95.0,1
41.0,30.0,110.0,99.67,0
33.0,21.0,100.0,92.0,0
25.0,18.0,81.0,74.0,0
47.0,24.0,93.0,75.33,0
14.0,26.0,81.0,77.0,0
15.0,14.0,97.0,81.0,1
39.0,16.0,71.0,72.0,1
9.0,18.0,108.0,65.67,0
18.0,14.0,99.0,67.33,0
8.0,19.0,87.0,60.67,0
35.0,24.0,85.0,86.67,0
1.0,18.0,83.0,82.0,1
30.0,18.0,87.0,70.0,0
14.0,14.0,75.0,56.83,0
35.0,24.0,72.0,81.0,0
8.0,29.0,68.0,86.0,0
20.0,14.0,101.0,65.0,0
21.0,27.0,94.0,91.0,1
6.0,12.0,79.0,75.0,1
19.0,14.0,73.0,65.67,0
26.0,33.0,116.0,48.0,1
30.0,19.0,97.0,77.0,0
7.0,17.0,109.0,71.0,1
44.0,17.0,103.0,70.0,1
32.0,19.0,64.0,97.0,1
10.0,23.0,92.0,90.0,1
45.0,18.0,110.0,52.0,0
9.0,17.0,56.0,72.0,1
22.0,20.0,72.0,82.0,1
37.0,17.0,99.0,77.0,1
31.0,24.0,102.0,87.0,1
30.0,15.0,86.0,92.0,1
15.0,16.0,49.0,79.0,1
14.0,20.0,80.0,94.67,1
25.0,15.0,105.0,97.0,1
45.0,23.0,111.0,81.0,1
20.0,14.0,94.0,71.0,0
22.0,16.0,80.0,75.0,0
9.0,19.0,98.0,66.33,1
34.0,27.0,119.5,97.0,0
35.0,13.0,73.0,70.0,0
6.0,16.0,70.0,84.0,0
7.0,13.0,83.0,100.0,0
44.0,18.0,72.0,76.0,0
40.0,17.0,85.0,59.0,0
19.0,19.0,122.0,91.0,1
18.0,18.0,64.0,70.0,0
26.0,20.0,69.0,68.0,0
7.0,19.0,82.0,79.5,0
12.0,14.0,93.0,70.0,0
17.0,25.0,75.0,71.0,1
6.0,22.0,97.0,68.0,1
34.0,24.0,100.0,81.33,1
41.0,19.0,88.0,61.0,0
24.0,19.0,104.0,75.33,0
22.0,14.0,68.0,92.0,0
52.0,18.0,110.0,65.0,1
10.0,19.0,72.0,88.0,1
23.0,19.0,86.0,95.0,1
18.0,15.0,70.0,69.0,1
5.0,20.0,88.0,76.5,0
26.0,20.0,86.0,70.0,0
14.0,12.0,59.0,67.0,1
9.0,15.0,67.0,61.0,1
19.0,14.0,75.0,75.0,1
15.0,22.0,75.0,82.33,1
27.0,29.0,106.0,87.0,0
31.0,8.0,83.0,95.0,1
7.0,16.0,71.0,72.67,1
41.0,16.0,63.0,96.0,1
18.0,21.0,80.0,82.67,0
38.0,20.0,62.0,86.0,1
13.0,17.0,109.0,78.0,1
7.0,11.0,99.0,75.0,0
9.0,30.0,79.0,94.67,0
21.0,34.0,86.0,101.33,0
12.0,18.0,68.0,87.0,0
15.0,15.0,88.0,82.0,0
18.0,16.0,67.0,72.0,0
43.0,22.0,63.0,95.0,1
13.0,14.0,66.0,89.67,1
20.0,26.0,28.0,48.0,1
35.0,27.0,105.0,98.33,0
31.0,22.0,98.0,85.0,1
30.0,19.0,110.0,75.0,1
6.0,14.0,93.0,66.0,1
10.0,20.0,90.0,109.0,1
40.0,26.0,94.0,103.0,1
15.0,18.0,83.0,61.0,0
4.0,20.0,87.0,81.0,0
10.0,14.0,63.0,67.67,0
5.0,16.0,76.0,68.0,1
24.0,14.0,78.0,92.67,1
21.0,20.0,110.0,104.0,1
18.0,20.0,95.0,86.0,1
14.0,22.0,79.0,88.0,1
9.0,19.0,95.0,77.67,0
21.0,13.0,85.0,72.33,0
33.0,21.0,76.0,59.67,0
20.0,30.0,113.0,87.0,1
19.0,26.0,95.0,53.0,1
50.0,13.0,89.0,71.67,0
6.0,12.0,69.0,53.5,0
25.0,20.0,86.0,70.0,0
37.0,20.0,72.0,75.0,0
7.0,12.0,56.0,55.0,1
21.0,23.0,74.0,60.0,0
5.0,14.0,70.0,54.33,0
43.0,16.0,94.0,59.67,1
40.0,31.0,110.0,111.0,0
12.0,21.0,115.0,82.0,1
3.0,12.5,68.0,74.0,1
36.0,20.0,80.0,96.0,1
12.0,14.0,70.0,80.0,0
8.0,16.0,105.0,66.67,1
22.0,20.0,97.0,93.0,1
2.0,13.0,96.0,82.5,0
10.0,13.0,79.0,72.0,1
33.0,11.0,95.0,87.0,1
19.0,20.0,65.5,76.5,0
37.0,23.0,72.0,88.0,0
17.0,15.0,93.0,84.0,1
5.0,18.0,110.0,77.0,1
13.0,12.0,73.0,67.0,0
9.0,26.0,69.0,86.0,0
46.0,20.0,80.0,100.0,1
37.0,20.0,85.0,57.0,0
42.0,20.0,63.0,96.0,1
20.0,18.0,74.0,72.0,0
17.0,20.0,73.0,63.0,1
29.0,18.0,84.0,60.0,0
21.0,20.0,51.0,74.0,1
20.0,26.0,82.0,83.0,0
8.0,16.0,101.0,71.0,1
16.0,14.0,70.0,86.0,1
24.0,23.0,91.0,98.0,1
34.0,17.0,83.0,66.67,0
20.0,16.0,82.0,78.0,1
31.0,20.0,90.0,65.0,1
8.0,18.0,51.0,65.0,1
22.0,10.0,112.0,53.67,1
30.0,30.0,115.0,81.0,1
22.0,10.0,71.0,76.0,1
8.0,14.0,82.0,77.0,0
14.0,16.0,108.0,61.33,0
1.0,18.0,83.0,82.0,0
13.0,16.0,85.0,82.0,0
31.0,14.0,65.0,69.0,1
21.0,20.0,75.0,77.0,1
16.0,31.0,105.0,97.0,1
46.0,21.0,87.0,107.33,0
6.0,32.0,80.0,74.0,1
2.0,12.0,98.0,79.67,0
51.0,13.0,89.0,71.67,0
46.0,15.0,102.0,71.0,1
5.0,17.0,51.0,77.0,1
34.0,15.0,83.0,76.0,1
26.0,20.0,97.0,74.0,1
38.0,12.0,103.0,89.0,1
18.0,15.0,116.0,83.0,0
10.0,21.0,76.0,110.0,0
40.0,18.0,86.0,64.67,0
49.0,13.0,97.0,69.0,1
17.0,17.0,85.0,72.0,1
28.0,23.0,70.0,55.33,0
16.0,20.0,109.0,97.0,1
18.0,25.0,104.0,93.0,1
31.0,18.0,81.0,62.0,0
12.0,16.0,67.0,81.0,1
29.0,16.0,69.0,89.0,1
40.0,19.0,88.0,77.67,0
38.0,16.0,94.0,91.0,1
30.0,22.0,93.0,84.0,1
15.0,26.0,81.0,77.0,0
5.0,16.0,84.0,95.0,1
13.0,25.0,101.0,101.0,1
23.0,26.0,28.0,48.0,1
32.0,22.0,88.0,62.0,0
32.0,10.0,85.0,96.0,1
7.0,17.0,83.0,76.0,1
22.0,20.0,84.0,66.0,0
3.0,12.0,77.0,76.0,0
21.0,13.0,84.0,64.0,0
5.0,25.0,74.0,80.67,1
39.0,29.0,105.0,85.33,0
27.0,20.5,86.0,61.0,0
26.0,17.0,94.0,85.0,1
18.0,20.0,97.0,81.33,1
31.0,14.0,107.0,62.67,1
4.0,22.0,78.0,107.0,0
20.0,19.0,70.0,98.0,0
8.0,14.0,65.0,60.67,0
34.0,23.0,98.0,88.0,0
17.0,16.0,80.0,94.0,1
24.0,21.0,80.0,78.0,1
9.0,20.0,67.5,82.0,0
31.0,17.0,86.0,55.0,0
47.0,12.0,82.0,65.67,0
5.0,12.0,79.0,75.0,1
32.0,20.0,72.0,67.0,1
34.0,18.0,82.0,96.0,1
41.0,16.0,108.0,66.33,1
10.0,17.0,66.0,78.0,0
29.0,17.0,73.0,63.0,0
33.0,20.0,80.0,94.33,1
20.0,16.0,71.0,77.0,1
23.0,21.0,83.0,66.0,0
13.0,16.0,68.0,75.0,0
23.0,20.0,93.5,73.5,1
13.0,16.5,94.5,85.0,1
13.0,14.5,71.0,82.67,0
16.0,14.0,79.0,69.67,0
27.0,16.0,78.0,74.0,0
38.0,19.0,77.0,86.67,0
44.0,18.0,72.0,67.0,0
19.0,16.0,99.0,79.0,0
3.0,12.5,99.5,83.5,0
33.0,15.0,83.0,76.0,1
48.0,14.0,99.0,72.33,0
20.0,18.0,80.0,85.0,1
27.0,27.0,88.0,125.0,0
14.0,20.0,86.0,75.0,1
4.0,12.0,81.0,72.0,1
13.0,16.0,107.0,61.33,0
36.0,12.0,85.0,82.0,1
36.0,13.0,72.0,70.0,0
5.0,16.0,84.0,91.0,0
17.0,18.0,100.0,56.33,0
17.0,17.0,77.0,70.0,0
23.0,28.0,114.0,90.0,1
20.0,20.0,51.0,74.0,1
22.0,16.0,67.0,66.67,0
16.0,17.0,86.0,69.67,0
11.0,12.0,93.0,60.0,1
14.0,19.0,87.0,83.0,1
19.0,17.0,79.0,66.0,0
11.0,17.0,95.0,72.0,1
16.0,18.0,81.0,79.0,0
41.0,21.0,115.0,85.0,1
15.0,15.0,92.0,50.67,1
25.0,22.0,93.0,92.0,1
30.0,20.0,77.0,67.0,0
51.0,20.0,130.0,80.0,1
12.0,31.0,112.0,92.0,1
32.0,14.0,77.0,58.0,0
26.0,27.0,88.0,125.0,0
8.0,13.0,83.0,63.0,0
17.0,20.0,70.0,66.0,0
37.0,20.0,86.0,110.33,1
30.0,21.0,72.0,72.0,0
3.0,14.0,104.0,75.0,0
5.0,16.0,103.0,74.67,0
34.0,18.0,82.0,75.0,0
6.0,26.0,78.0,83.0,0
41.0,16.0,77.0,79.0,0
33.0,19.0,76.0,70.0,0
5.0,22.0,104.0,61.0,1
47.0,17.0,104.0,71.67,0
15.0,22.0,75.0,88.0,1
14.0,24.0,75.0,74.0,0
12.0,11.0,97.0,76.0,0
9.0,14.0,67.0,61.0,0
16.0,9.0,75.0,71.0,1
12.0,20.0,98.0,65.67,1
41.0,22.0,74.0,63.67,0
8.0,14.0,65.0,62.0,1
19.0,19.0,76.0,74.33,1
17.0,15.0,70.0,87.33,1
4.0,16.0,76.0,91.0,0
8.0,19.0,74.5,83.0,0
34.0,21.0,99.0,93.33,0
25.0,20.0,69.0,68.0,0
24.0,13.0,73.0,82.0,1
41.0,16.0,73.0,77.0,1
14.0,15.0,74.0,87.0,1
1.0,18.0,83.0,82.0,1
10.0,16.0,85.0,76.0,0
50.0,20.0,81.0,105.0,1
11.0,29.0,68.0,69.0,0
19.0,24.0,78.0,83.0,0
16.0,14.0,76.0,78.33,0
10.0,16.0,71.0,80.67,1
20.0,26.0,84.0,67.0,0
24.0,12.0,86.0,74.0,1
26.0,14.0,91.0,101.0,1
4.0,16.5,63.5,74.5,0
39.0,15.0,101.0,66.67,1
15.0,12.0,104.0,101.0,1
50.0,15.0,79.0,72.33,0
33.0,27.0,129.5,97.0,0
30.0,20.0,85.0,64.0,0
36.0,25.0,81.0,65.0,0
30.0,17.0,85.0,72.67,0
48.0,15.0,104.0,72.0,1
17.0,16.0,67.0,68.0,0
9.0,12.0,84.0,80.0,1
12.0,22.0,79.0,75.67,1
13.0,17.0,68.0,84.0,1
42.0,26.0,69.0,62.67,0
47.0,23.0,124.0,59.0,0
28.0,12.0,91.0,68.67,0
12.0,14.0,72.0,72.0,0
25.0,16.0,90.0,71.0,0
31.0,28.5,115.0,72.83,1
10.0,21.0,68.0,85.0,1
9.0,14.0,65.0,71.0,1
24.0,15.0,79.0,69.0,0
19.0,15.0,82.0,93.33,0
43.0,14.0,82.0,63.0,0
12.0,14.0,67.0,60.0,0
25.0,14.0,91.0,81.0,1
6.0,34.0,115.0,98.0,1
37.0,20.0,80.0,96.0,1
29.0,20.0,91.0,104.0,1
28.0,13.0,69.0,75.0,1
29.0,19.0,74.0,116.0,0
15.0,16.5,67.0,71.0,0
6.0,16.0,64.0,77.0,1
23.0,20.0,85.0,70.0,0
40.0,20.0,79.0,89.0,1
16.0,16.0,69.0,62.5,0
16.0,22.0,67.0,79.0,1
5.0,18.0,71.0,79.0,1
24.0,26.0,28.0,48.0,1
27.0,16.0,64.0,75.0,1
26.0,13.75,99.5,88.0,1
45.0,20.0,89.0,94.0,1
12.0,17.0,95.0,72.0,1
32.0,16.0,111.0,64.0,1
13.0,20.0,74.0,112.0,1
20.0,16.0,87.0,79.33,0
19.0,17.0,77.0,72.67,0
45.0,18.0,104.0,67.67,0
11.0,26.0,75.0,89.0,0
26.0,19.0,94.0,79.33,0
34.0,13.0,68.0,69.0,1
44.0,18.5,122.0,68.5,0
26.0,26.0,28.0,48.0,1
38.0,23.0,76.0,87.67,0
24.0,20.0,81.0,84.0,0
39.0,20.0,79.0,69.0,0
1.0,18.0,83.0,82.0,0
5.0,16.0,120.0,83.0,1
48.0,19.0,122.0,75.0,0
3.0,22.0,85.0,81.0,0
6.0,15.0,68.5,66.5,0
19.0,27.0,85.0,72.0,0
7.0,35.0,86.0,91.67,0
31.0,26.0,88.0,75.0,0
13.0,11.0,89.0,72.67,0
14.0,11.5,71.0,75.33,0
10.0,12.0,56.0,58.0,1
37.0,14.0,72.0,68.0,0
11.0,22.0,113.0,74.33,0
4.0,26.0,76.0,77.0,1
32.0,24.0,85.0,67.0,0
15.0,12.5,87.0,69.0,1
39.0,24.0,91.0,93.0,1
17.0,18.0,73.0,78.0,1
44.0,20.0,80.0,89.33,0
18.0,21.0,100.0,59.33,1
8.0,12.0,80.0,66.0,0
14.0,16.0,66.0,66.0,0
24.0,17.0,70.0,78.0,0
50.0,17.0,112.0,100.0,1
46.0,19.0,79.0,57.0,0
18.0,25.0,75.0,94.0,0
19.0,12.0,101.0,52.0,1
39.0,15.0,77.0,80.33,0
29.0,21.5,92.5,58.67,0
29.0,11.0,91.0,80.0,1
1.0,18.0,83.0,82.0,0
8.0,28.0,75.0,78.33,1
37.0,17.5,89.0,78.67,0
13.0,17.0,77.0,94.67,0
35.0,13.0,98.0,80.0,1
44.0,16.0,103.0,67.0,1
48.0,18.0,81.0,64.67,0
34.0,22.0,85.0,55.0,0
39.0,18.0,83.0,61.0,0
19.0,14.0,66.0,74.0,1
53.0,28.0,123.0,83.0,1
8.0,13.0,69.0,67.0,1
10.0,12.0,93.0,60.0,1
18.0,17.0,77.0,70.0,0
27.0,24.0,87.0,70.0,0
15.0,30.0,100.0,101.0,1
24.0,18.0,89.0,85.0,1
7.0,16.0,106.0,59.67,0
46.0,24.0,124.0,74.0,0
6.0,18.0,97.0,87.0,0
16.0,29.0,74.0,70.67,0
44.0,16.5,102.0,85.0,0
26.0,22.5,91.0,63.0,0
31.0,22.0,71.0,72.0,0
16.0,26.0,78.0,82.0,0
52.0,26.0,97.0,69.0,0
22.0,25.0,92.0,105.0,0
18.0,14.0,73.0,67.0,0
22.0,18.0,89.5,76.0,0
39.0,15.0,74.0,75.0,0
8.0,15.0,70.0,85.5,0
34.0,18.0,69.0,99.0,1
28.0,16.0,94.0,58.67,1
2.0,18.5,74.5,62.33,0
2.0,16.0,95.0,81.0,1
26.0,35.0,106.0,87.67,0
23.0,12.0,89.0,71.0,1
2.0,15.5,79.5,71.0,0
13.0,20.0,92.0,91.0,1
7.0,18.0,69.0,84.0,0
29.0,14.0,95.0,71.67,0
33.0,20.0,74.0,88.0,0
23.0,27.0,86.0,125.0,0
9.0,13.0,81.0,75.0,0
37.0,15.0,86.0,65.67,0
44.0,19.0,63.0,99.0,1
25.0,14.0,80.0,76.0,0
26.0,12.0,135.0,69.33,1
46.0,18.0,83.0,65.67,0
36.0,18.0,80.0,77.0,0
43.0,20.0,71.0,66.0,0
3.0,27.0,113.0,90.0,1
15.0,24.0,74.0,70.0,0
27.0,12.0,92.0,69.33,0
49.0,20.0,93.0,70.0,1
16.0,12.0,64.0,88.0,1
7.0,12.0,68.0,83.5,0
21.0,26.0,28.0,48.0,1
20.0,18.5,73.0,93.33,0
24.0,23.0,87.0,125.0,0
3.0,17.0,121.0,58.0,1
6.0,16.0,76.0,90.67,1
22.0,17.0,74.0,75.0,0
49.0,19.0,113.0,73.0,0
17.0,35.0,79.0,86.33,0
19.0,15.5,76.0,67.0,0
42.0,14.0,82.0,70.33,0
8.0,13.0,76.0,61.0,0
29.0,15.0,81.0,66.67,0
36.0,20.0,76.0,72.0,0
3.0,15.0,71.0,67.0,1
17.0,23.0,85.0,82.0,0
31.0,16.0,91.0,60.67,0
35.0,18.0,89.0,75.5,0
4.0,24.0,77.0,83.0,1
4.0,26.0,108.0,84.0,0
35.0,12.0,85.0,82.0,1
20.0,12.0,79.0,73.0,1
33.0,29.0,81.0,81.0,0
15.0,25.0,70.0,69.0,0
43.0,20.0,78.0,104.0,1
39.0,13.0,70.0,76.0,1
15.0,12.0,71.0,71.0,1
19.0,15.0,81.0,65.0,0
16.0,13.0,100.0,61.33,1
32.0,30.0,116.0,95.0,1
26.0,19.0,81.0,93.33,0
2.0,14.0,58.5,65.5,1
25.0,21.0,80.0,78.0,1
16.0,15.0,71.0,103.0,1
27.0,17.5,74.5,56.0,0
15.0,12.0,63.0,89.0,1
14.0,15.0,83.0,79.0,0
41.0,27.5,93.0,82.5,1
1.0,18.0,83.0,82.0,1
11.0,22.0,89.0,86.0,1
14.0,31.0,97.5,94.0,1
54.0,18.0,83.0,63.0,0
33.0,13.0,69.0,66.0,1
41.0,16.0,75.0,69.0,0
22.0,16.0,100.0,65.33,0
14.0,25.0,74.0,67.0,0
27.0,16.0,79.0,67.0,0
13.0,17.0,92.0,71.0,1
25.0,26.0,89.0,68.0,0
2.0,12.0,60.0,85.5,1
19.0,18.0,76.0,80.0,1
28.0,17.0,95.0,71.0,1
35.0,30.0,108.0,98.0,1
3.0,14.0,61.0,61.0,1
30.0,20.0,97.0,80.0,1
17.0,15.0,74.0,61.67,0
2.0,20.0,119.0,61.67,1
4.0,12.0,76.5,77.0,0
40.0,16.0,71.0,72.0,1
17.0,17.0,81.0,75.0,0
14.0,17.0,91.0,82.0,1
2.0,14.0,79.0,58.33,0
23.0,15.0,74.0,63.33,0
28.0,14.0,86.0,64.67,0
7.0,17.0,75.0,80.0,1
5.0,15.0,84.0,69.67,0
37.0,18.0,113.0,90.33,1
30.0,15.0,88.0,76.33,0
4.0,27.0,113.0,90.0,1
29.0,15.0,88.0,92.0,1
15.0,18.0,107.0,86.0,0
28.0,23.0,83.0,63.0,0
1.0,18.0,83.0,82.0,0
6.0,13.0,53.0,70.0,1
44.0,23.0,105.0,86.0,1
4.0,21.75,104.5,82.5,1
17.0,21.0,77.0,76.0,0
33.0,16.0,86.0,67.33,0
25.0,26.0,28.0,48.0,1
6.0,16.0,86.0,75.0,0
19.0,26.0,102.0,119.0,1
34.0,22.0,85.0,105.0,0
25.0,20.0,80.0,81.33,0
10.0,18.0,76.0,61.0,1
27.0,18.0,82.0,82.0,0
13.0,15.0,68.0,67.0,1
3.0,18.0,84.0,94.33,1
2.0,18.0,78.0,101.0,0
1.0,18.0,83.0,82.0,0
23.0,16.0,75.0,76.0,0
29.0,20.0,68.0,90.5,1
48.0,20.0,91.0,76.0,1
22.0,12.0,76.0,84.0,1
29.0,19.0,95.0,102.67,0
10.0,18.0,108.0,65.67,0
25.0,15.0,67.0,91.0,1
28.0,18.0,91.0,111.0,1
43.0,27.0,127.0,85.0,1
40.0,21.0,68.0,91.0,1
16.0,21.0,93.0,88.0,1
36.0,26.5,124.5,72.0,0
26.0,19.0,82.0,74.0,0
22.0,17.0,89.0,77.0,1
30.0,20.0,87.0,87.67,0
27.0,13.0,109.0,66.67,1
15.0,18.0,65.0,95.33,1
27.0,13.0,91.0,89.0,1
7.0,15.5,77.0,83.0,0
11.0,12.0,59.0,58.0,1
10.0,16.0,51.0,72.0,1
9.0,22.0,104.0,97.0,1
16.0,23.0,68.0,66.0,0
11.0,11.0,99.0,72.0,0
53.0,24.0,93.0,67.0,0
31.0,26.0,89.0,61.0,0
27.0,33.0,126.0,51.0,1
45.0,23.0,77.0,74.0,0
6.0,16.0,103.0,74.67,0
7.0,29.0,79.0,112.0,0
29.0,12.0,110.0,63.67,1
28.0,20.0,86.0,92.0,0
14.0,19.0,92.0,73.67,0
24.0,16.0,89.0,88.0,0
39.0,22.0,73.0,67.0,0
32.0,20.0,80.0,63.0,1
36.0,23.0,89.0,72.67,0
3.0,16.0,86.0,56.33,0
18.0,27.0,91.0,117.0,1
34.0,21.0,75.0,74.0,0
12.0,28.0,111.0,68.33,0
7.0,24.0,86.5,77.0,1
17.0,27.5,104.5,98.0,1
22.0,16.0,74.5,73.0,0
32.0,22.0,71.0,72.0,0
1.0,18.0,83.0,82.0,0
38.0,15.0,101.0,66.67,1
9.0,12.0,81.0,64.0,1
25.0,13.0,95.0,102.0,1
2.0,27.0,110.0,110.0,1
3.0,16.0,100.0,84.33,1
13.0,16.0,51.0,63.0,1
20.0,23.0,76.0,60.0,0
34.0,20.0,86.0,88.0,1
9.0,14.0,61.0,54.0,1
18.0,19.0,83.0,67.0,0
11.0,19.0,72.0,88.0,1
34.0,27.0,116.0,73.0,1
20.0,22.0,97.0,80.0,1
23.0,20.0,81.0,106.0,0
20.0,14.0,91.0,95.0,1
14.0,16.0,68.0,80.0,0
35.0,13.0,68.0,69.0,1
16.0,19.0,66.5,58.0,0
10.0,12.0,85.0,77.33,0
4.0,15.0,73.0,68.0,1
49.0,18.0,106.0,87.0,1
36.0,12.0,57.0,89.0,1
1.0,18.0,83.0,82.0,1
7.0,20.0,104.0,86.0,1
57.0,20.0,85.0,98.0,1
9.0,25.0,112.0,96.0,1
26.0,16.0,69.0,71.0,1
21.0,20.0,72.0,83.0,0
8.0,13.0,80.0,64.0,1
4.0,23.0,89.0,69.33,0
20.0,18.5,76.5,77.0,1
11.0,15.0,67.0,67.0,1
7.0,16.0,63.0,70.0,1
36.0,23.0,73.0,88.0,0
9.0,17.0,100.0,73.0,1
7.0,18.0,67.0,62.0,1
