ICULOS,SepsisLabel,Patient_ID,Hospital_Set,Patient_Key,Patient_Class,Source_Row_Index
55,0,p101596,B,B_p101596,1,521
45,0,p102348,B,B_p102348,0,737
18,0,p102504,B,B_p102504,0,740
4,0,p017805,A,A_p017805,0,660
4,1,p114239,B,B_p114239,1,411
11,0,p019042,A,A_p019042,0,678
10,0,p015594,A,A_p015594,0,626
11,0,p018824,A,A_p018824,1,513
40,0,p110467,B,B_p110467,0,859
25,1,p015971,A,A_p015971,1,136
17,0,p106819,B,B_p106819,0,811
15,1,p013254,A,A_p013254,1,76
9,0,p016303,A,A_p016303,0,636
47,0,p118366,B,B_p118366,0,973
18,0,p116029,B,B_p116029,0,938
13,0,p113160,B,B_p113160,0,899
29,1,p103577,B,B_p103577,1,280
6,0,p112171,B,B_p112171,0,883
22,0,p103837,B,B_p103837,0,761
142,1,p106855,B,B_p106855,1,319
31,0,p010042,A,A_p010042,0,549
74,1,p017818,A,A_p017818,1,174
100,1,p111697,B,B_p111697,1,371
4,0,p108734,B,B_p108734,1,527
8,1,p019282,A,A_p019282,1,210
63,1,p100218,B,B_p100218,1,235
125,1,p014521,A,A_p014521,1,101
14,0,p119305,B,B_p119305,0,986
8,0,p113303,B,B_p113303,0,902
10,0,p116605,B,B_p116605,0,947
35,1,p109349,B,B_p109349,1,346
23,1,p016033,A,A_p016033,1,139
11,0,p014930,A,A_p014930,0,621
1,1,p119854,B,B_p119854,1,499
8,1,p111695,B,B_p111695,1,370
26,1,p018953,A,A_p018953,1,198
50,0,p019456,A,A_p019456,0,687
11,0,p012039,A,A_p012039,0,584
27,0,p113214,B,B_p113214,0,901
10,1,p012590,A,A_p012590,1,59
4,1,p107860,B,B_p107860,1,328
8,1,p014159,A,A_p014159,1,96
46,1,p106214,B,B_p106214,1,312
33,0,p118462,B,B_p118462,0,974
9,1,p104801,B,B_p104801,1,299
16,1,p103452,B,B_p103452,1,277
25,0,p115299,B,B_p115299,0,924
26,0,p013345,A,A_p013345,0,601
6,1,p115876,B,B_p115876,1,439
2,0,p108806,B,B_p108806,0,837
33,0,p011375,A,A_p011375,0,570
25,0,p111878,B,B_p111878,0,879
9,1,p102436,B,B_p102436,1,261
21,0,p011671,A,A_p011671,0,578
68,1,p010983,A,A_p010983,1,23
42,1,p011551,A,A_p011551,1,30
8,0,p014644,A,A_p014644,0,617
297,1,p010482,A,A_p010482,1,10
3,1,p019997,A,A_p019997,1,221
20,0,p107487,B,B_p107487,0,820
21,1,p104666,B,B_p104666,1,296
26,1,p012525,A,A_p012525,1,54
5,0,p118429,B,B_p118429,1,542
8,1,p019256,A,A_p019256,1,209
8,0,p013394,A,A_p013394,0,604
2,0,p019705,A,A_p019705,0,692
21,0,p017987,A,A_p017987,0,662
9,0,p110884,B,B_p110884,0,866
38,1,p013054,A,A_p013054,1,70
119,0,p119052,B,B_p119052,1,543
64,1,p014606,A,A_p014606,1,107
45,1,p119279,B,B_p119279,1,493
5,0,p012601,A,A_p012601,0,590
30,0,p102554,B,B_p102554,0,741
7,1,p104500,B,B_p104500,1,292
34,1,p104281,B,B_p104281,1,289
10,0,p017358,A,A_p017358,0,652
69,1,p011876,A,A_p011876,1,39
35,0,p012600,A,A_p012600,0,589
247,1,p105741,B,B_p105741,1,307
49,0,p019106,A,A_p019106,0,679
61,1,p012809,A,A_p012809,1,66
16,1,p103367,B,B_p103367,1,275
71,1,p012883,A,A_p012883,1,67
93,1,p106750,B,B_p106750,1,318
11,0,p010040,A,A_p010040,0,548
10,0,p119834,B,B_p119834,0,998
12,0,p100894,B,B_p100894,0,714
9,0,p103292,B,B_p103292,0,753
11,1,p107847,B,B_p107847,1,327
50,1,p112302,B,B_p112302,1,382
175,1,p116743,B,B_p116743,1,451
8,0,p102708,B,B_p102708,1,522
20,1,p019802,A,A_p019802,1,218
4,0,p105393,B,B_p105393,0,787
7,1,p115686,B,B_p115686,1,436
21,0,p104017,B,B_p104017,0,764
58,1,p013882,A,A_p013882,1,88
54,1,p012727,A,A_p012727,1,63
1,0,p108135,B,B_p108135,0,826
44,0,p100979,B,B_p100979,0,716
20,1,p110031,B,B_p110031,1,351
107,0,p115802,B,B_p115802,0,936
63,1,p102022,B,B_p102022,1,256
50,0,p016175,A,A_p016175,0,635
19,0,p017165,A,A_p017165,0,644
40,0,p010269,A,A_p010269,0,554
39,0,p117369,B,B_p117369,0,959
48,1,p017535,A,A_p017535,1,168
5,0,p115094,B,B_p115094,0,917
29,0,p108833,B,B_p108833,1,528
56,0,p107766,B,B_p107766,0,823
5,0,p119111,B,B_p119111,0,985
6,0,p107378,B,B_p107378,0,816
23,1,p013669,A,A_p013669,1,86
24,1,p115624,B,B_p115624,1,432
55,1,p018345,A,A_p018345,1,184
5,0,p118709,B,B_p118709,0,978
88,0,p111418,B,B_p111418,1,534
11,1,p104535,B,B_p104535,1,294
21,0,p112886,B,B_p112886,0,892
10,1,p115158,B,B_p115158,1,425
6,0,p100744,B,B_p100744,0,713
6,1,p102378,B,B_p102378,1,260
49,1,p100312,B,B_p100312,1,237
38,0,p010662,A,A_p010662,0,559
8,0,p011983,A,A_p011983,0,583
10,1,p116091,B,B_p116091,1,445
28,0,p110966,B,B_p110966,0,867
15,0,p106146,B,B_p106146,0,800
7,0,p013291,A,A_p013291,0,599
5,0,p109429,B,B_p109429,0,849
27,1,p102582,B,B_p102582,1,265
4,0,p119790,B,B_p119790,0,995
5,0,p109358,B,B_p109358,1,529
115,1,p012529,A,A_p012529,1,55
150,1,p015247,A,A_p015247,1,120
7,1,p019481,A,A_p019481,1,215
91,1,p011292,A,A_p011292,1,25
43,1,p013163,A,A_p013163,1,72
40,1,p012269,A,A_p012269,1,44
20,1,p101245,B,B_p101245,1,247
13,0,p101410,B,B_p101410,0,721
1,1,p103586,B,B_p103586,1,281
11,0,p112889,B,B_p112889,0,893
11,0,p114676,B,B_p114676,0,914
36,0,p106786,B,B_p106786,0,810
77,1,p100836,B,B_p100836,1,244
6,0,p107646,B,B_p107646,0,822
57,1,p107022,B,B_p107022,1,321
27,0,p017014,A,A_p017014,0,643
112,1,p016921,A,A_p016921,1,158
2,0,p118669,B,B_p118669,0,977
5,1,p115489,B,B_p115489,1,429
9,0,p116254,B,B_p116254,0,941
4,1,p117461,B,B_p117461,1,462
11,1,p105796,B,B_p105796,1,309
51,0,p019943,A,A_p019943,0,697
61,1,p012598,A,A_p012598,1,60
14,0,p112255,B,B_p112255,0,884
4,0,p013122,A,A_p013122,0,595
34,0,p104190,B,B_p104190,0,767
17,0,p017315,A,A_p017315,0,649
3,0,p017323,A,A_p017323,0,650
5,0,p110831,B,B_p110831,0,865
20,0,p018336,A,A_p018336,0,668
89,1,p104769,B,B_p104769,1,298
39,0,p019493,A,A_p019493,0,689
64,1,p106376,B,B_p106376,1,314
36,1,p106129,B,B_p106129,1,310
50,1,p110755,B,B_p110755,1,361
77,1,p118572,B,B_p118572,1,479
277,1,p014795,A,A_p014795,1,110
18,0,p119383,B,B_p119383,0,989
2,1,p118939,B,B_p118939,1,486
43,1,p111327,B,B_p111327,1,363
1,1,p101785,B,B_p101785,1,254
4,1,p102332,B,B_p102332,1,259
20,0,p106343,B,B_p106343,0,802
30,0,p019000,A,A_p019000,0,677
1,1,p119433,B,B_p119433,1,494
16,0,p018535,A,A_p018535,0,670
113,1,p111920,B,B_p111920,1,377
58,0,p108007,B,B_p108007,1,526
5,0,p109249,B,B_p109249,0,845
17,1,p015988,A,A_p015988,1,137
60,1,p110158,B,B_p110158,1,355
145,1,p111465,B,B_p111465,1,365
17,0,p116301,B,B_p116301,0,942
5,0,p103154,B,B_p103154,0,749
24,0,p116735,B,B_p116735,0,948
37,0,p108382,B,B_p108382,0,829
8,0,p017524,A,A_p017524,0,656
167,1,p018986,A,A_p018986,1,199
98,1,p019372,A,A_p019372,1,213
10,1,p113967,B,B_p113967,1,408
36,1,p108009,B,B_p108009,1,332
27,1,p019245,A,A_p019245,1,208
15,0,p014246,A,A_p014246,0,613
115,1,p013326,A,A_p013326,1,78
12,1,p011470,A,A_p011470,1,29
53,0,p113106,B,B_p113106,1,535
36,0,p019804,A,A_p019804,0,695
10,0,p010528,A,A_p010528,0,557
6,0,p108742,B,B_p108742,0,836
15,0,p013133,A,A_p013133,0,596
12,1,p017366,A,A_p017366,1,165
31,0,p115183,B,B_p115183,0,918
59,1,p119442,B,B_p119442,1,495
1,0,p108030,B,B_p108030,0,824
4,1,p012775,A,A_p012775,1,65
44,1,p016231,A,A_p016231,1,141
12,0,p115341,B,B_p115341,0,925
22,0,p108239,B,B_p108239,0,827
16,0,p017490,A,A_p017490,0,655
18,1,p107896,B,B_p107896,1,331
16,0,p018060,A,A_p018060,0,664
4,1,p101357,B,B_p101357,1,249
26,0,p113847,B,B_p113847,0,907
1,0,p100196,B,B_p100196,0,708
6,1,p105670,B,B_p105670,1,305
46,0,p102189,B,B_p102189,0,734
7,0,p118497,B,B_p118497,0,975
40,1,p012373,A,A_p012373,1,49
21,0,p113039,B,B_p113039,0,896
12,1,p010142,A,A_p010142,1,2
49,0,p119463,B,B_p119463,1,544
63,1,p110008,B,B_p110008,1,350
14,0,p113659,B,B_p113659,0,904
17,0,p113562,B,B_p113562,1,536
9,1,p109145,B,B_p109145,1,344
11,0,p119623,B,B_p119623,0,994
102,1,p118583,B,B_p118583,1,481
3,0,p011493,A,A_p011493,0,575
9,1,p011634,A,A_p011634,1,33
48,1,p011565,A,A_p011565,1,31
90,1,p100013,B,B_p100013,1,231
13,0,p117634,B,B_p117634,0,963
29,1,p018714,A,A_p018714,1,192
88,1,p108210,B,B_p108210,1,333
9,1,p010157,A,A_p010157,1,3
28,1,p019109,A,A_p019109,1,204
122,0,p019311,A,A_p019311,1,514
45,0,p106059,B,B_p106059,0,799
3,1,p105732,B,B_p105732,1,306
71,1,p014763,A,A_p014763,1,109
106,1,p115536,B,B_p115536,1,430
131,1,p013264,A,A_p013264,1,77
19,1,p013612,A,A_p013612,1,84
13,1,p103995,B,B_p103995,1,286
49,1,p013569,A,A_p013569,1,82
4,0,p119446,B,B_p119446,0,991
21,0,p105540,B,B_p105540,0,789
22,0,p112905,B,B_p112905,0,894
225,1,p113428,B,B_p113428,1,398
225,1,p107283,B,B_p107283,1,323
7,0,p100737,B,B_p100737,1,519
35,0,p115056,B,B_p115056,0,916
11,0,p115268,B,B_p115268,0,922
107,1,p010308,A,A_p010308,1,5
12,0,p102034,B,B_p102034,0,731
1,1,p117713,B,B_p117713,1,465
4,1,p014329,A,A_p014329,1,97
39,1,p102644,B,B_p102644,1,266
239,1,p110509,B,B_p110509,1,357
22,0,p111114,B,B_p111114,0,868
32,0,p106002,B,B_p106002,0,798
39,1,p112182,B,B_p112182,1,380
25,0,p015801,A,A_p015801,0,631
59,1,p112297,B,B_p112297,1,381
5,1,p119173,B,B_p119173,1,490
60,1,p015199,A,A_p015199,1,118
33,0,p113201,B,B_p113201,0,900
23,1,p101517,B,B_p101517,1,250
9,0,p103080,B,B_p103080,1,523
6,1,p010461,A,A_p010461,1,9
14,1,p018909,A,A_p018909,1,196
43,0,p013384,A,A_p013384,0,603
32,1,p013565,A,A_p013565,1,81
8,0,p105088,B,B_p105088,0,783
14,0,p012475,A,A_p012475,0,587
8,0,p105928,B,B_p105928,0,797
79,1,p100540,B,B_p100540,1,239
156,1,p104367,B,B_p104367,1,290
130,1,p019304,A,A_p019304,1,211
27,0,p101008,B,B_p101008,0,717
113,1,p110597,B,B_p110597,1,359
25,1,p116379,B,B_p116379,1,449
19,1,p020565,A,A_p020565,1,227
34,0,p116848,B,B_p116848,0,950
26,0,p116548,B,B_p116548,0,946
28,0,p105819,B,B_p105819,0,796
31,0,p011676,A,A_p011676,1,501
51,1,p117705,B,B_p117705,1,464
132,1,p111026,B,B_p111026,1,362
6,1,p117981,B,B_p117981,1,468
5,0,p115683,B,B_p115683,0,935
90,1,p115463,B,B_p115463,1,428
33,1,p010416,A,A_p010416,1,7
1,1,p016720,A,A_p016720,1,155
30,0,p116910,B,B_p116910,1,541
116,1,p115928,B,B_p115928,1,440
97,1,p118783,B,B_p118783,1,482
75,1,p114917,B,B_p114917,1,422
28,0,p104839,B,B_p104839,0,778
12,0,p116840,B,B_p116840,0,949
95,1,p108355,B,B_p108355,1,334
34,0,p011541,A,A_p011541,0,576
31,0,p115660,B,B_p115660,0,934
6,0,p011246,A,A_p011246,0,567
8,0,p013101,A,A_p013101,0,594
1,0,p110591,B,B_p110591,1,530
15,0,p011827,A,A_p011827,0,581
3,0,p100135,B,B_p100135,0,707
110,1,p116263,B,B_p116263,1,448
31,1,p116790,B,B_p116790,1,453
126,1,p020575,A,A_p020575,1,228
4,1,p110039,B,B_p110039,1,352
26,0,p101840,B,B_p101840,0,728
6,1,p019331,A,A_p019331,1,212
11,1,p013490,A,A_p013490,1,79
69,1,p016393,A,A_p016393,1,148
205,1,p105405,B,B_p105405,1,302
44,0,p015708,A,A_p015708,0,628
5,0,p104706,B,B_p104706,0,777
41,0,p013687,A,A_p013687,1,506
102,1,p108952,B,B_p108952,1,342
8,1,p118916,B,B_p118916,1,485
17,0,p100261,B,B_p100261,0,711
97,1,p015889,A,A_p015889,1,133
2,0,p100058,B,B_p100058,0,703
99,1,p106171,B,B_p106171,1,311
1,0,p101546,B,B_p101546,0,722
36,0,p015709,A,A_p015709,0,629
60,1,p010126,A,A_p010126,1,0
119,1,p106498,B,B_p106498,1,316
37,0,p100117,B,B_p100117,0,706
20,0,p010032,A,A_p010032,0,547
3,0,p111582,B,B_p111582,0,872
64,0,p110794,B,B_p110794,1,532
72,1,p118461,B,B_p118461,1,477
5,1,p113900,B,B_p113900,1,404
8,1,p017757,A,A_p017757,1,172
25,1,p015476,A,A_p015476,1,125
78,1,p113153,B,B_p113153,1,394
6,1,p114730,B,B_p114730,1,420
4,0,p010232,A,A_p010232,0,552
17,0,p113518,B,B_p113518,0,903
64,1,p013917,A,A_p013917,1,90
15,0,p116177,B,B_p116177,0,939
41,1,p018300,A,A_p018300,1,181
6,1,p103197,B,B_p103197,1,274
12,0,p112908,B,B_p112908,0,895
8,1,p013003,A,A_p013003,1,69
72,1,p104456,B,B_p104456,1,291
50,1,p015726,A,A_p015726,1,131
35,1,p105081,B,B_p105081,1,300
6,1,p115075,B,B_p115075,1,424
8,1,p107665,B,B_p107665,1,326
16,1,p016301,A,A_p016301,1,144
34,1,p114937,B,B_p114937,1,423
32,0,p011826,A,A_p011826,0,580
65,1,p015962,A,A_p015962,1,135
8,1,p116522,B,B_p116522,1,450
26,1,p017347,A,A_p017347,1,164
6,1,p011442,A,A_p011442,1,28
12,0,p104527,B,B_p104527,0,773
15,1,p018736,A,A_p018736,1,193
87,1,p112828,B,B_p112828,1,388
5,0,p109826,B,B_p109826,0,852
2,1,p017545,A,A_p017545,1,169
14,0,p100102,B,B_p100102,0,705
7,1,p016101,A,A_p016101,1,140
28,1,p017776,A,A_p017776,1,173
124,1,p010389,A,A_p010389,1,6
24,0,p102840,B,B_p102840,0,745
80,1,p118515,B,B_p118515,1,478
19,1,p013183,A,A_p013183,1,73
36,0,p113959,B,B_p113959,0,910
15,0,p107187,B,B_p107187,0,813
260,1,p100504,B,B_p100504,1,238
54,1,p016346,A,A_p016346,1,145
40,0,p105691,B,B_p105691,0,792
7,1,p100104,B,B_p100104,1,234
7,1,p019966,A,A_p019966,1,220
1,0,p115278,B,B_p115278,0,923
22,0,p011591,A,A_p011591,1,500
159,1,p015853,A,A_p015853,1,132
4,0,p119389,B,B_p119389,0,990
13,0,p104626,B,B_p104626,0,774
135,1,p018369,A,A_p018369,1,185
11,1,p011966,A,A_p011966,1,41
9,0,p019889,A,A_p019889,0,696
70,1,p014728,A,A_p014728,1,108
13,0,p012519,A,A_p012519,0,588
5,1,p012541,A,A_p012541,1,56
5,1,p113930,B,B_p113930,1,405
153,1,p116049,B,B_p116049,1,442
23,0,p103505,B,B_p103505,0,757
28,0,p119827,B,B_p119827,0,997
101,1,p011173,A,A_p011173,1,24
55,1,p117891,B,B_p117891,1,467
1,0,p114638,B,B_p114638,1,539
1,0,p110738,B,B_p110738,1,531
19,0,p014645,A,A_p014645,0,618
5,0,p019759,A,A_p019759,0,694
9,0,p115346,B,B_p115346,0,926
214,1,p108648,B,B_p108648,1,338
19,1,p012459,A,A_p012459,1,51
112,0,p014020,A,A_p014020,1,507
5,0,p019731,A,A_p019731,1,516
19,0,p115205,B,B_p115205,0,920
34,0,p105041,B,B_p105041,0,781
12,1,p102542,B,B_p102542,1,264
38,0,p107426,B,B_p107426,0,817
10,0,p100250,B,B_p100250,0,710
20,0,p019136,A,A_p019136,0,682
20,0,p108633,B,B_p108633,0,832
3,0,p019829,A,A_p019829,1,518
84,1,p116223,B,B_p116223,1,447
30,1,p010741,A,A_p010741,1,18
5,0,p100902,B,B_p100902,0,715
4,1,p118844,B,B_p118844,1,483
32,0,p011256,A,A_p011256,0,568
72,1,p115633,B,B_p115633,1,433
38,1,p111540,B,B_p111540,1,367
10,1,p013586,A,A_p013586,1,83
70,1,p012625,A,A_p012625,1,61
5,0,p016710,A,A_p016710,0,638
66,1,p103159,B,B_p103159,1,272
5,1,p103897,B,B_p103897,1,285
24,1,p110744,B,B_p110744,1,360
16,1,p110106,B,B_p110106,1,354
8,1,p116903,B,B_p116903,1,456
247,1,p103562,B,B_p103562,1,278
97,1,p010540,A,A_p010540,1,12
117,1,p018328,A,A_p018328,1,182
163,1,p111580,B,B_p111580,1,368
12,0,p111917,B,B_p111917,0,881
9,0,p014546,A,A_p014546,0,615
4,1,p020383,A,A_p020383,1,223
14,0,p011440,A,A_p011440,0,572
16,0,p118244,B,B_p118244,0,970
18,0,p017426,A,A_p017426,0,653
164,0,p119692,B,B_p119692,1,545
11,0,p011833,A,A_p011833,0,582
10,0,p015942,A,A_p015942,0,633
24,1,p018040,A,A_p018040,1,176
18,0,p018132,A,A_p018132,0,665
17,0,p018730,A,A_p018730,0,673
12,0,p012270,A,A_p012270,0,585
24,0,p111612,B,B_p111612,0,873
5,1,p113150,B,B_p113150,1,393
9,1,p017333,A,A_p017333,1,163
60,1,p101295,B,B_p101295,1,248
16,0,p016007,A,A_p016007,0,634
29,0,p112457,B,B_p112457,0,885
1,0,p018399,A,A_p018399,0,669
2,1,p111890,B,B_p111890,1,375
22,1,p114276,B,B_p114276,1,412
13,1,p013201,A,A_p013201,1,74
3,1,p014908,A,A_p014908,1,113
8,0,p013227,A,A_p013227,0,598
13,0,p117483,B,B_p117483,0,961
14,1,p112999,B,B_p112999,1,390
18,1,p014565,A,A_p014565,1,104
111,1,p014997,A,A_p014997,1,114
11,1,p114518,B,B_p114518,1,417
2,0,p106429,B,B_p106429,1,525
4,1,p117083,B,B_p117083,1,457
58,1,p113985,B,B_p113985,1,409
16,1,p013985,A,A_p013985,1,92
9,0,p115422,B,B_p115422,0,930
238,1,p013907,A,A_p013907,1,89
146,1,p108574,B,B_p108574,1,336
11,0,p119354,B,B_p119354,0,988
3,0,p115257,B,B_p115257,0,921
8,0,p115553,B,B_p115553,0,933
27,0,p013486,A,A_p013486,0,605
5,0,p012735,A,A_p012735,0,593
12,0,p014174,A,A_p014174,0,611
40,1,p014110,A,A_p014110,1,94
96,1,p010491,A,A_p010491,1,11
5,1,p113406,B,B_p113406,1,396
27,0,p111354,B,B_p111354,1,533
99,1,p012245,A,A_p012245,1,43
13,1,p012150,A,A_p012150,1,42
6,1,p107869,B,B_p107869,1,329
82,1,p017525,A,A_p017525,1,167
137,1,p119751,B,B_p119751,1,497
16,0,p111748,B,B_p111748,0,876
24,0,p013150,A,A_p013150,0,597
32,0,p103380,B,B_p103380,0,756
21,1,p014451,A,A_p014451,1,100
71,1,p115380,B,B_p115380,1,426
21,1,p018160,A,A_p018160,1,178
115,1,p116085,B,B_p116085,1,444
8,1,p114460,B,B_p114460,1,416
6,0,p111190,B,B_p111190,0,870
4,0,p112162,B,B_p112162,0,882
35,0,p019121,A,A_p019121,0,680
23,1,p018057,A,A_p018057,1,177
24,1,p113334,B,B_p113334,1,395
13,0,p114026,B,B_p114026,0,911
18,0,p105752,B,B_p105752,0,793
14,0,p117464,B,B_p117464,0,960
15,0,p019200,A,A_p019200,0,684
4,1,p112345,B,B_p112345,1,383
8,0,p117144,B,B_p117144,0,956
3,0,p103210,B,B_p103210,0,751
7,1,p102174,B,B_p102174,1,257
56,0,p113897,B,B_p113897,1,538
137,1,p108474,B,B_p108474,1,335
235,1,p010645,A,A_p010645,1,15
20,1,p107375,B,B_p107375,1,324
4,0,p103697,B,B_p103697,0,758
13,1,p020332,A,A_p020332,1,222
81,1,p018248,A,A_p018248,1,179
35,0,p119034,B,B_p119034,0,983
100,1,p010976,A,A_p010976,1,22
47,1,p110181,B,B_p110181,1,356
9,0,p018165,A,A_p018165,0,666
21,0,p110513,B,B_p110513,0,861
5,1,p108703,B,B_p108703,1,340
45,1,p115595,B,B_p115595,1,431
21,0,p010132,A,A_p010132,0,551
20,0,p108656,B,B_p108656,0,833
206,1,p019095,A,A_p019095,1,203
33,0,p015737,A,A_p015737,0,630
4,1,p014019,A,A_p014019,1,93
14,0,p010609,A,A_p010609,0,558
8,1,p012964,A,A_p012964,1,68
5,0,p015210,A,A_p015210,0,622
89,1,p103686,B,B_p103686,1,284
15,0,p109227,B,B_p109227,0,844
51,1,p115636,B,B_p115636,1,434
104,1,p016630,A,A_p016630,1,153
42,1,p013231,A,A_p013231,1,75
36,0,p102013,B,B_p102013,0,730
41,1,p116172,B,B_p116172,1,446
126,1,p018660,A,A_p018660,1,188
37,1,p103073,B,B_p103073,1,271
94,1,p100232,B,B_p100232,1,236
93,1,p118954,B,B_p118954,1,487
93,1,p015188,A,A_p015188,1,117
21,0,p116304,B,B_p116304,0,943
3,0,p018230,A,A_p018230,1,512
19,0,p108051,B,B_p108051,0,825
21,0,p012608,A,A_p012608,0,591
15,1,p015611,A,A_p015611,1,126
2,1,p015062,A,A_p015062,1,116
4,1,p118166,B,B_p118166,1,473
29,0,p019724,A,A_p019724,0,693
21,1,p012547,A,A_p012547,1,57
18,0,p110652,B,B_p110652,0,863
28,0,p114379,B,B_p114379,0,912
24,1,p111690,B,B_p111690,1,369
10,1,p102787,B,B_p102787,1,268
110,1,p012341,A,A_p012341,1,46
101,1,p109959,B,B_p109959,1,349
187,1,p018872,A,A_p018872,1,195
9,0,p120000,B,B_p120000,0,999
45,0,p108680,B,B_p108680,0,834
11,0,p102264,B,B_p102264,0,736
5,1,p102535,B,B_p102535,1,263
41,1,p116066,B,B_p116066,1,443
26,0,p018842,A,A_p018842,0,675
15,1,p105483,B,B_p105483,1,304
21,1,p108727,B,B_p108727,1,341
40,0,p117823,B,B_p117823,0,966
3,1,p016444,A,A_p016444,1,149
20,1,p015449,A,A_p015449,1,124
7,0,p105312,B,B_p105312,0,786
13,1,p012417,A,A_p012417,1,50
5,1,p110085,B,B_p110085,1,353
2,0,p115351,B,B_p115351,0,927
89,1,p016276,A,A_p016276,1,142
42,1,p118069,B,B_p118069,1,470
192,1,p113636,B,B_p113636,1,399
22,0,p015469,A,A_p015469,0,625
59,1,p107021,B,B_p107021,1,320
91,1,p010771,A,A_p010771,1,19
15,0,p106634,B,B_p106634,0,809
3,0,p105604,B,B_p105604,0,790
19,0,p106560,B,B_p106560,0,808
28,1,p113944,B,B_p113944,1,407
58,0,p113566,B,B_p113566,1,537
24,0,p014720,A,A_p014720,0,620
24,1,p011874,A,A_p011874,1,38
7,1,p017826,A,A_p017826,1,175
41,1,p100838,B,B_p100838,1,245
41,0,p108269,B,B_p108269,0,828
42,0,p018292,A,A_p018292,0,667
15,0,p103309,B,B_p103309,0,754
5,0,p110025,B,B_p110025,0,858
199,1,p016668,A,A_p016668,1,154
70,1,p104106,B,B_p104106,1,287
9,0,p013366,A,A_p013366,0,602
43,0,p011271,A,A_p011271,0,569
1,0,p102655,B,B_p102655,0,743
5,1,p010665,A,A_p010665,1,17
4,1,p015615,A,A_p015615,1,127
5,1,p107137,B,B_p107137,1,322
49,1,p102020,B,B_p102020,1,255
25,0,p017540,A,A_p017540,0,657
12,0,p117651,B,B_p117651,0,964
61,1,p018688,A,A_p018688,1,190
58,1,p015049,A,A_p015049,1,115
36,0,p014594,A,A_p014594,0,616
21,0,p013489,A,A_p013489,0,606
7,1,p018261,A,A_p018261,1,180
114,1,p105259,B,B_p105259,1,301
10,0,p103712,B,B_p103712,0,759
18,0,p100315,B,B_p100315,0,712
20,0,p101559,B,B_p101559,0,723
8,0,p019319,A,A_p019319,0,685
2,0,p118779,B,B_p118779,0,979
18,0,p019769,A,A_p019769,1,517
12,0,p119102,B,B_p119102,0,984
10,1,p012333,A,A_p012333,1,45
22,0,p113899,B,B_p113899,0,909
57,1,p016906,A,A_p016906,1,157
30,0,p109807,B,B_p109807,0,851
162,1,p017676,A,A_p017676,1,171
145,1,p010656,A,A_p010656,1,16
3,0,p017968,A,A_p017968,1,511
8,1,p012359,A,A_p012359,1,48
1,0,p118290,B,B_p118290,0,971
26,0,p116217,B,B_p116217,0,940
3,0,p019378,A,A_p019378,1,515
9,0,p116930,B,B_p116930,0,952
16,1,p118577,B,B_p118577,1,480
7,1,p103662,B,B_p103662,1,283
35,0,p101247,B,B_p101247,0,718
12,0,p111772,B,B_p111772,0,877
20,1,p020526,A,A_p020526,1,225
5,1,p011330,A,A_p011330,1,26
24,0,p117064,B,B_p117064,0,954
49,1,p115743,B,B_p115743,1,437
2,0,p116892,B,B_p116892,0,951
52,1,p111449,B,B_p111449,1,364
11,1,p020593,A,A_p020593,1,229
56,1,p011810,A,A_p011810,1,37
18,0,p117659,B,B_p117659,0,965
26,1,p111823,B,B_p111823,1,374
47,1,p118005,B,B_p118005,1,469
16,0,p118044,B,B_p118044,0,967
12,0,p109724,B,B_p109724,0,850
14,0,p100078,B,B_p100078,0,704
18,0,p108971,B,B_p108971,0,841
71,1,p018738,A,A_p018738,1,194
8,0,p109933,B,B_p109933,0,854
9,0,p110664,B,B_p110664,0,864
27,0,p012076,A,A_p012076,1,503
21,0,p118168,B,B_p118168,0,969
6,0,p108415,B,B_p108415,0,830
12,0,p011775,A,A_p011775,0,579
7,0,p118147,B,B_p118147,0,968
82,1,p017316,A,A_p017316,1,162
23,0,p113851,B,B_p113851,0,908
21,1,p016614,A,A_p016614,1,152
32,0,p106227,B,B_p106227,0,801
23,0,p119617,B,B_p119617,0,993
12,0,p103341,B,B_p103341,0,755
11,1,p014841,A,A_p014841,1,111
23,1,p020563,A,A_p020563,1,226
31,0,p019458,A,A_p019458,0,688
115,1,p014545,A,A_p014545,1,103
81,1,p114893,B,B_p114893,1,421
30,1,p114591,B,B_p114591,1,419
13,0,p103191,B,B_p103191,0,750
22,0,p012277,A,A_p012277,0,586
4,0,p104912,B,B_p104912,0,780
16,0,p018657,A,A_p018657,0,672
72,1,p015214,A,A_p015214,1,119
22,1,p012513,A,A_p012513,1,53
98,1,p016487,A,A_p016487,1,151
57,1,p113887,B,B_p113887,1,403
3,0,p116494,B,B_p116494,0,945
2,1,p019240,A,A_p019240,1,207
17,0,p017635,A,A_p017635,0,658
8,0,p109211,B,B_p109211,0,843
7,0,p103920,B,B_p103920,0,762
124,1,p010418,A,A_p010418,1,8
11,0,p106512,B,B_p106512,0,807
26,1,p011791,A,A_p011791,1,36
6,1,p116780,B,B_p116780,1,452
41,0,p017357,A,A_p017357,0,651
3,1,p101685,B,B_p101685,1,253
40,1,p105423,B,B_p105423,1,303
7,0,p102912,B,B_p102912,0,746
12,0,p011431,A,A_p011431,0,571
8,0,p015240,A,A_p015240,0,623
7,0,p102115,B,B_p102115,0,732
32,0,p112881,B,B_p112881,0,891
30,1,p102468,B,B_p102468,1,262
16,0,p014090,A,A_p014090,0,610
32,1,p104728,B,B_p104728,1,297
7,1,p114397,B,B_p114397,1,414
128,1,p016445,A,A_p016445,1,150
22,0,p105514,B,B_p105514,0,788
2,0,p016934,A,A_p016934,0,640
27,0,p112712,B,B_p112712,0,889
25,0,p010127,A,A_p010127,0,550
7,0,p112526,B,B_p112526,0,886
33,1,p119098,B,B_p119098,1,488
2,1,p016363,A,A_p016363,1,147
192,1,p016349,A,A_p016349,1,146
2,0,p101350,B,B_p101350,0,720
49,0,p115438,B,B_p115438,0,931
7,0,p102389,B,B_p102389,0,739
34,0,p017797,A,A_p017797,0,659
36,1,p109702,B,B_p109702,1,348
20,1,p117542,B,B_p117542,1,463
33,1,p107567,B,B_p107567,1,325
48,1,p018393,A,A_p018393,1,186
7,1,p015441,A,A_p015441,1,123
19,0,p109902,B,B_p109902,0,853
27,0,p013685,A,A_p013685,0,608
79,1,p016281,A,A_p016281,1,143
44,0,p117355,B,B_p117355,0,958
11,1,p018930,A,A_p018930,1,197
2,0,p013794,A,A_p013794,0,609
51,1,p103568,B,B_p103568,1,279
160,1,p104524,B,B_p104524,1,293
40,1,p113729,B,B_p113729,1,400
188,1,p015281,A,A_p015281,1,122
2,1,p018344,A,A_p018344,1,183
75,1,p019061,A,A_p019061,1,202
67,1,p115767,B,B_p115767,1,438
33,1,p100870,B,B_p100870,1,246
65,1,p114444,B,B_p114444,1,415
12,0,p115507,B,B_p115507,0,932
30,0,p104072,B,B_p104072,0,765
19,0,p113750,B,B_p113750,0,906
27,0,p108681,B,B_p108681,0,835
8,0,p112567,B,B_p112567,0,887
7,1,p015678,A,A_p015678,1,129
17,0,p016587,A,A_p016587,0,637
17,1,p113872,B,B_p113872,1,402
20,0,p105174,B,B_p105174,0,784
13,0,p104383,B,B_p104383,0,770
8,0,p102217,B,B_p102217,0,735
22,0,p114384,B,B_p114384,0,913
22,1,p019930,A,A_p019930,1,219
33,0,p016960,A,A_p016960,0,641
21,0,p114975,B,B_p114975,0,915
15,0,p103280,B,B_p103280,0,752
51,0,p106508,B,B_p106508,0,806
3,0,p115191,B,B_p115191,0,919
5,0,p015404,A,A_p015404,0,624
34,0,p111689,B,B_p111689,0,874
18,0,p103794,B,B_p103794,0,760
6,1,p112587,B,B_p112587,1,386
20,0,p118320,B,B_p118320,0,972
149,0,p014820,A,A_p014820,1,509
52,1,p102749,B,B_p102749,1,267
3,0,p107467,B,B_p107467,0,819
67,1,p115980,B,B_p115980,1,441
42,1,p119674,B,B_p119674,1,496
12,1,p014855,A,A_p014855,1,112
12,0,p019689,A,A_p019689,0,691
33,1,p100088,B,B_p100088,1,232
7,0,p111186,B,B_p111186,0,869
36,0,p013632,A,A_p013632,0,607
9,0,p018614,A,A_p018614,0,671
2,1,p111809,B,B_p111809,1,373
7,0,p118886,B,B_p118886,0,981
11,0,p109157,B,B_p109157,0,842
59,1,p100100,B,B_p100100,1,233
11,0,p105235,B,B_p105235,0,785
22,0,p018915,A,A_p018915,0,676
44,1,p106718,B,B_p106718,1,317
21,0,p017278,A,A_p017278,0,648
9,1,p114127,B,B_p114127,1,410
1,0,p113059,B,B_p113059,0,898
23,0,p100197,B,B_p100197,0,709
6,1,p110574,B,B_p110574,1,358
1,1,p102180,B,B_p102180,1,258
21,0,p102735,B,B_p102735,0,744
13,0,p015649,A,A_p015649,0,627
26,0,p015901,A,A_p015901,0,632
3,1,p103643,B,B_p103643,1,282
41,1,p111908,B,B_p111908,1,376
34,1,p112411,B,B_p112411,1,384
139,1,p020503,A,A_p020503,1,224
28,0,p116958,B,B_p116958,0,953
25,0,p107298,B,B_p107298,0,814
6,1,p118155,B,B_p118155,1,472
8,1,p109392,B,B_p109392,1,347
7,0,p012759,A,A_p012759,1,505
5,0,p016814,A,A_p016814,0,639
12,0,p119349,B,B_p119349,0,987
9,0,p115352,B,B_p115352,0,928
27,0,p113689,B,B_p113689,0,905
48,0,p014715,A,A_p014715,0,619
5,0,p109958,B,B_p109958,0,855
2,0,p106397,B,B_p106397,0,803
3,0,p017179,A,A_p017179,0,645
5,0,p109302,B,B_p109302,0,846
39,0,p010428,A,A_p010428,0,556
18,0,p117319,B,B_p117319,0,957
31,0,p011548,A,A_p011548,0,577
15,0,p105807,B,B_p105807,0,795
92,1,p013640,A,A_p013640,1,85
49,1,p100632,B,B_p100632,1,242
5,0,p020310,A,A_p020310,0,698
38,1,p016943,A,A_p016943,1,159
11,0,p106158,B,B_p106158,1,524
10,1,p011772,A,A_p011772,1,35
8,0,p115768,B,B_p115768,1,540
13,1,p017627,A,A_p017627,1,170
42,0,p017488,A,A_p017488,0,654
5,0,p112808,B,B_p112808,0,890
30,0,p109992,B,B_p109992,0,857
1,0,p109316,B,B_p109316,0,847
9,0,p116413,B,B_p116413,0,944
31,0,p102161,B,B_p102161,0,733
3,1,p014113,A,A_p014113,1,95
24,0,p010896,A,A_p010896,0,563
12,1,p100543,B,B_p100543,1,240
30,0,p102561,B,B_p102561,0,742
46,0,p011487,A,A_p011487,0,574
12,0,p019655,A,A_p019655,0,690
8,1,p117365,B,B_p117365,1,460
13,0,p010257,A,A_p010257,0,553
9,0,p112605,B,B_p112605,0,888
51,1,p019210,A,A_p019210,1,206
7,1,p113147,B,B_p113147,1,392
16,0,p105766,B,B_p105766,0,794
45,1,p113407,B,B_p113407,1,397
10,0,p104145,B,B_p104145,0,766
41,0,p109389,B,B_p109389,0,848
37,1,p019751,A,A_p019751,1,217
2,1,p010209,A,A_p010209,1,4
13,0,p104327,B,B_p104327,0,768
5,0,p017002,A,A_p017002,0,642
35,0,p115376,B,B_p115376,0,929
23,0,p014186,A,A_p014186,0,612
15,0,p102364,B,B_p102364,0,738
20,0,p119959,B,B_p119959,1,546
1,0,p101626,B,B_p101626,0,725
20,0,p019165,A,A_p019165,0,683
27,1,p014407,A,A_p014407,1,98
10,0,p106439,B,B_p106439,0,804
10,0,p101713,B,B_p101713,0,727
12,0,p011467,A,A_p011467,0,573
77,1,p113934,B,B_p113934,1,406
19,0,p011989,A,A_p011989,1,502
6,1,p012349,A,A_p012349,1,47
8,1,p011624,A,A_p011624,1,32
26,0,p104853,B,B_p104853,0,779
11,0,p108825,B,B_p108825,0,839
175,1,p018998,A,A_p018998,1,200
103,1,p015893,A,A_p015893,1,134
83,1,p011374,A,A_p011374,1,27
22,0,p111905,B,B_p111905,0,880
31,1,p020601,A,A_p020601,1,230
9,1,p119162,B,B_p119162,1,489
13,0,p104496,B,B_p104496,0,772
138,1,p112050,B,B_p112050,1,378
54,1,p104274,B,B_p104274,1,288
137,1,p114581,B,B_p114581,1,418
29,0,p018797,A,A_p018797,0,674
8,1,p113009,B,B_p113009,1,391
36,0,p012697,A,A_p012697,0,592
1,1,p119765,B,B_p119765,1,498
112,1,p016018,A,A_p016018,1,138
5,1,p012711,A,A_p012711,1,62
41,1,p118154,B,B_p118154,1,471
13,0,p017197,A,A_p017197,0,647
78,1,p015619,A,A_p015619,1,128
30,0,p118643,B,B_p118643,0,976
16,0,p101189,B,B_p101189,1,520
4,0,p108818,B,B_p108818,0,838
25,0,p117533,B,B_p117533,0,962
10,1,p012747,A,A_p012747,1,64
13,0,p106947,B,B_p106947,0,812
17,1,p010627,A,A_p010627,1,14
5,1,p016873,A,A_p016873,1,156
51,1,p011932,A,A_p011932,1,40
44,1,p119276,B,B_p119276,1,492
55,1,p112097,B,B_p112097,1,379
56,1,p018414,A,A_p018414,1,187
41,0,p104011,B,B_p104011,0,763
2,1,p019629,A,A_p019629,1,216
10,0,p105628,B,B_p105628,0,791
26,1,p012461,A,A_p012461,1,52
35,0,p111798,B,B_p111798,0,878
101,1,p108585,B,B_p108585,1,337
10,0,p103086,B,B_p103086,0,748
24,0,p101264,B,B_p101264,0,719
14,0,p101625,B,B_p101625,0,724
5,1,p104605,B,B_p104605,1,295
37,0,p020487,A,A_p020487,0,701
73,1,p101527,B,B_p101527,1,251
8,0,p101699,B,B_p101699,0,726
23,1,p117397,B,B_p117397,1,461
156,1,p116887,B,B_p116887,1,455
38,0,p119825,B,B_p119825,0,996
25,0,p107320,B,B_p107320,0,815
15,0,p110635,B,B_p110635,0,862
130,1,p102844,B,B_p102844,1,269
14,1,p019049,A,A_p019049,1,201
109,1,p017163,A,A_p017163,1,161
26,0,p010284,A,A_p010284,0,555
32,0,p101856,B,B_p101856,0,729
6,1,p113800,B,B_p113800,1,401
25,0,p100056,B,B_p100056,0,702
7,1,p118445,B,B_p118445,1,476
3,0,p107545,B,B_p107545,0,821
20,0,p104404,B,B_p104404,0,771
75,1,p014577,A,A_p014577,1,105
6,0,p011082,A,A_p011082,0,565
16,1,p112872,B,B_p112872,1,389
157,1,p010137,A,A_p010137,1,1
21,0,p116010,B,B_p116010,0,937
3,0,p119008,B,B_p119008,0,982
4,0,p010760,A,A_p010760,0,561
17,1,p013507,A,A_p013507,1,80
41,1,p019170,A,A_p019170,1,205
22,1,p011762,A,A_p011762,1,34
1,0,p104636,B,B_p104636,0,775
13,0,p014361,A,A_p014361,1,508
26,1,p115441,B,B_p115441,1,427
3,1,p116813,B,B_p116813,1,454
3,1,p111466,B,B_p111466,1,366
45,1,p013946,A,A_p013946,1,91
129,1,p108701,B,B_p108701,1,339
33,0,p113049,B,B_p113049,0,897
28,0,p010940,A,A_p010940,0,564
37,1,p109165,B,B_p109165,1,345
11,0,p104664,B,B_p104664,0,776
5,1,p100579,B,B_p100579,1,241
57,1,p010606,A,A_p010606,1,13
65,1,p106401,B,B_p106401,1,315
24,0,p013343,A,A_p013343,0,600
286,1,p112608,B,B_p112608,1,387
76,1,p103194,B,B_p103194,1,273
23,1,p017377,A,A_p017377,1,166
10,0,p108869,B,B_p108869,0,840
13,0,p119575,B,B_p119575,0,992
6,0,p017192,A,A_p017192,0,646
25,0,p107458,B,B_p107458,0,818
15,1,p118906,B,B_p118906,1,484
18,0,p118880,B,B_p118880,0,980
1,0,p012194,A,A_p012194,1,504
12,0,p108496,B,B_p108496,0,831
7,1,p100827,B,B_p100827,1,243
22,0,p011128,A,A_p011128,0,566
16,0,p111728,B,B_p111728,0,875
44,0,p010874,A,A_p010874,0,562
42,0,p019388,A,A_p019388,0,686
11,1,p018683,A,A_p018683,1,189
33,0,p105069,B,B_p105069,0,782
40,0,p020394,A,A_p020394,0,699
5,1,p118286,B,B_p118286,1,475
20,0,p019129,A,A_p019129,0,681
4,0,p016057,A,A_p016057,1,510
20,1,p012568,A,A_p012568,1,58
83,1,p118231,B,B_p118231,1,474
6,0,p010754,A,A_p010754,0,560
22,0,p109977,B,B_p109977,0,856
4,0,p102965,B,B_p102965,0,747
7,1,p101630,B,B_p101630,1,252
46,1,p010948,A,A_p010948,1,21
67,1,p106293,B,B_p106293,1,313
89,1,p117299,B,B_p117299,1,459
141,1,p017078,A,A_p017078,1,160
13,1,p103435,B,B_p103435,1,276
33,0,p117125,B,B_p117125,0,955
8,1,p018703,A,A_p018703,1,191
4,1,p112509,B,B_p112509,1,385
12,0,p106496,B,B_p106496,0,805
90,1,p114315,B,B_p114315,1,413
46,1,p119214,B,B_p119214,1,491
4,1,p108974,B,B_p108974,1,343
7,0,p104366,B,B_p104366,0,769
32,1,p105788,B,B_p105788,1,308
32,0,p017913,A,A_p017913,0,661
3,1,p015698,A,A_p015698,1,130
26,0,p018028,A,A_p018028,0,663
12,0,p111412,B,B_p111412,0,871
165,1,p014409,A,A_p014409,1,99
75,1,p111806,B,B_p111806,1,372
92,1,p013830,A,A_p013830,1,87
48,1,p117272,B,B_p117272,1,458
131,1,p107874,B,B_p107874,1,330
52,1,p019401,A,A_p019401,1,214
27,1,p117761,B,B_p117761,1,466
95,1,p015264,A,A_p015264,1,121
12,0,p014374,A,A_p014374,0,614
64,1,p010888,A,A_p010888,1,20
47,0,p020438,A,A_p020438,0,700
87,1,p013149,A,A_p013149,1,71
35,1,p014602,A,A_p014602,1,106
8,1,p103001,B,B_p103001,1,270
31,0,p110492,B,B_p110492,0,860
4,1,p115650,B,B_p115650,1,435
4,1,p014542,A,A_p014542,1,102
